"","V1","X.3","X.2","X.1","X","workerid","prolific_participant_id"
"1",1,1,1,1,1,"495","<no-id>"
"2",2,2,2,2,2,"451","<no-id>"
"3",3,3,3,3,3,"445","<no-id>"
"4",4,4,4,4,4,"455","<no-id>"
"5",5,5,5,5,5,"493","<no-id>"
"6",6,6,6,6,6,"535","<no-id>"
"7",7,7,7,7,7,"546","<no-id>"
"8",8,8,8,8,8,"544","<no-id>"
"9",9,9,9,9,9,"501","<no-id>"
"10",10,10,10,10,10,"531","<no-id>"
"11",11,11,11,11,11,"490","<no-id>"
"12",12,12,12,12,12,"461","<no-id>"
"13",13,13,13,13,13,"539","<no-id>"
"14",14,14,14,14,14,"533","<no-id>"
"15",15,15,15,15,15,"509","<no-id>"
"16",16,16,16,16,16,"446","<no-id>"
"17",17,17,17,17,17,"483","<no-id>"
"18",18,18,18,18,18,"534","<no-id>"
"19",19,19,19,19,19,"481","<no-id>"
"20",20,20,20,20,20,"523","<no-id>"
"21",21,21,21,21,21,"517","<no-id>"
"22",22,22,22,22,22,"469","<no-id>"
"23",23,23,23,23,23,"452","<no-id>"
"24",24,24,24,24,24,"511","<no-id>"
"25",25,25,25,25,25,"470","<no-id>"
"26",26,26,26,26,26,"465","<no-id>"
"27",27,27,27,27,27,"456","<no-id>"
"28",28,28,28,28,28,"454","<no-id>"
"29",29,29,29,29,29,"472","<no-id>"
"30",30,30,30,30,30,"537","<no-id>"
"31",31,31,31,31,31,"467","<no-id>"
"32",32,32,32,32,32,"548","<no-id>"
"33",33,33,33,33,33,"460","<no-id>"
"34",34,34,34,34,34,"447","<no-id>"
"35",35,35,35,35,35,"443","<no-id>"
"36",36,36,36,36,36,"453","<no-id>"
"37",37,37,37,37,37,"494","<no-id>"
"38",38,38,38,38,38,"550","<no-id>"
"39",39,39,39,39,39,"549","<no-id>"
"40",40,40,40,40,40,"543","<no-id>"
"41",41,41,41,41,41,"448","<no-id>"
"42",42,42,42,42,42,"524","<no-id>"
"43",43,43,43,43,43,"521","<no-id>"
"44",44,44,44,44,44,"482","<no-id>"
"45",45,45,45,45,45,"540","<no-id>"
"46",46,46,46,46,46,"508","<no-id>"
"47",47,47,47,47,47,"458","<no-id>"
"48",48,48,48,48,48,"449","<no-id>"
"49",49,49,49,49,49,"444","<no-id>"
"50",50,50,50,50,50,"485","<no-id>"
"51",51,51,51,51,51,"504","<no-id>"
"52",52,52,52,52,52,"541","<no-id>"
"53",53,53,53,53,53,"463","<no-id>"
"54",54,54,54,54,54,"Attention_PR-AttendedTalkerEar.csv","Attention_PR-AttendedTalkerGender.csv"
"55",55,55,55,55,1,"495","<no-id>"
"56",56,56,56,56,2,"451","<no-id>"
"57",57,57,57,57,3,"445","<no-id>"
"58",58,58,58,58,4,"455","<no-id>"
"59",59,59,59,59,5,"493","<no-id>"
"60",60,60,60,60,6,"535","<no-id>"
"61",61,61,61,61,7,"546","<no-id>"
"62",62,62,62,62,8,"544","<no-id>"
"63",63,63,63,63,9,"501","<no-id>"
"64",64,64,64,64,10,"531","<no-id>"
"65",65,65,65,65,11,"490","<no-id>"
"66",66,66,66,66,12,"461","<no-id>"
"67",67,67,67,67,13,"539","<no-id>"
"68",68,68,68,68,14,"533","<no-id>"
"69",69,69,69,69,15,"509","<no-id>"
"70",70,70,70,70,16,"446","<no-id>"
"71",71,71,71,71,17,"483","<no-id>"
"72",72,72,72,72,18,"534","<no-id>"
"73",73,73,73,73,19,"481","<no-id>"
"74",74,74,74,74,20,"523","<no-id>"
"75",75,75,75,75,21,"517","<no-id>"
"76",76,76,76,76,22,"469","<no-id>"
"77",77,77,77,77,23,"452","<no-id>"
"78",78,78,78,78,24,"511","<no-id>"
"79",79,79,79,79,25,"470","<no-id>"
"80",80,80,80,80,26,"465","<no-id>"
"81",81,81,81,81,27,"456","<no-id>"
"82",82,82,82,82,28,"454","<no-id>"
"83",83,83,83,83,29,"472","<no-id>"
"84",84,84,84,84,30,"537","<no-id>"
"85",85,85,85,85,31,"467","<no-id>"
"86",86,86,86,86,32,"548","<no-id>"
"87",87,87,87,87,33,"460","<no-id>"
"88",88,88,88,88,34,"447","<no-id>"
"89",89,89,89,89,35,"443","<no-id>"
"90",90,90,90,90,36,"453","<no-id>"
"91",91,91,91,91,37,"494","<no-id>"
"92",92,92,92,92,38,"550","<no-id>"
"93",93,93,93,93,39,"549","<no-id>"
"94",94,94,94,94,40,"543","<no-id>"
"95",95,95,95,95,41,"448","<no-id>"
"96",96,96,96,96,42,"524","<no-id>"
"97",97,97,97,97,43,"521","<no-id>"
"98",98,98,98,98,44,"482","<no-id>"
"99",99,99,99,99,45,"540","<no-id>"
"100",100,100,100,100,46,"508","<no-id>"
"101",101,101,101,101,47,"458","<no-id>"
"102",102,102,102,102,48,"449","<no-id>"
"103",103,103,103,103,49,"444","<no-id>"
"104",104,104,104,104,50,"485","<no-id>"
"105",105,105,105,105,51,"504","<no-id>"
"106",106,106,106,106,52,"541","<no-id>"
"107",107,107,107,107,53,"463","<no-id>"
"108",108,108,108,108,54,"Attention_PR-AttendedTalkerEar.csv","Attention_PR-AttendedTalkerGender.csv"
"109",109,109,109,1,1,"495","<no-id>"
"110",110,110,110,2,2,"451","<no-id>"
"111",111,111,111,3,3,"445","<no-id>"
"112",112,112,112,4,4,"455","<no-id>"
"113",113,113,113,5,5,"493","<no-id>"
"114",114,114,114,6,6,"535","<no-id>"
"115",115,115,115,7,7,"546","<no-id>"
"116",116,116,116,8,8,"544","<no-id>"
"117",117,117,117,9,9,"501","<no-id>"
"118",118,118,118,10,10,"531","<no-id>"
"119",119,119,119,11,11,"490","<no-id>"
"120",120,120,120,12,12,"461","<no-id>"
"121",121,121,121,13,13,"539","<no-id>"
"122",122,122,122,14,14,"533","<no-id>"
"123",123,123,123,15,15,"509","<no-id>"
"124",124,124,124,16,16,"446","<no-id>"
"125",125,125,125,17,17,"483","<no-id>"
"126",126,126,126,18,18,"534","<no-id>"
"127",127,127,127,19,19,"481","<no-id>"
"128",128,128,128,20,20,"523","<no-id>"
"129",129,129,129,21,21,"517","<no-id>"
"130",130,130,130,22,22,"469","<no-id>"
"131",131,131,131,23,23,"452","<no-id>"
"132",132,132,132,24,24,"511","<no-id>"
"133",133,133,133,25,25,"470","<no-id>"
"134",134,134,134,26,26,"465","<no-id>"
"135",135,135,135,27,27,"456","<no-id>"
"136",136,136,136,28,28,"454","<no-id>"
"137",137,137,137,29,29,"472","<no-id>"
"138",138,138,138,30,30,"537","<no-id>"
"139",139,139,139,31,31,"467","<no-id>"
"140",140,140,140,32,32,"548","<no-id>"
"141",141,141,141,33,33,"460","<no-id>"
"142",142,142,142,34,34,"447","<no-id>"
"143",143,143,143,35,35,"443","<no-id>"
"144",144,144,144,36,36,"453","<no-id>"
"145",145,145,145,37,37,"494","<no-id>"
"146",146,146,146,38,38,"550","<no-id>"
"147",147,147,147,39,39,"549","<no-id>"
"148",148,148,148,40,40,"543","<no-id>"
"149",149,149,149,41,41,"448","<no-id>"
"150",150,150,150,42,42,"524","<no-id>"
"151",151,151,151,43,43,"521","<no-id>"
"152",152,152,152,44,44,"482","<no-id>"
"153",153,153,153,45,45,"540","<no-id>"
"154",154,154,154,46,46,"508","<no-id>"
"155",155,155,155,47,47,"458","<no-id>"
"156",156,156,156,48,48,"449","<no-id>"
"157",157,157,157,49,49,"444","<no-id>"
"158",158,158,158,50,50,"485","<no-id>"
"159",159,159,159,51,51,"504","<no-id>"
"160",160,160,160,52,52,"541","<no-id>"
"161",161,161,161,53,53,"463","<no-id>"
"162",162,162,162,54,54,"Attention_PR-AttendedTalkerEar.csv","Attention_PR-AttendedTalkerGender.csv"
"163",163,163,163,55,1,"495","<no-id>"
"164",164,164,164,56,2,"451","<no-id>"
"165",165,165,165,57,3,"445","<no-id>"
"166",166,166,166,58,4,"455","<no-id>"
"167",167,167,167,59,5,"493","<no-id>"
"168",168,168,168,60,6,"535","<no-id>"
"169",169,169,169,61,7,"546","<no-id>"
"170",170,170,170,62,8,"544","<no-id>"
"171",171,171,171,63,9,"501","<no-id>"
"172",172,172,172,64,10,"531","<no-id>"
"173",173,173,173,65,11,"490","<no-id>"
"174",174,174,174,66,12,"461","<no-id>"
"175",175,175,175,67,13,"539","<no-id>"
"176",176,176,176,68,14,"533","<no-id>"
"177",177,177,177,69,15,"509","<no-id>"
"178",178,178,178,70,16,"446","<no-id>"
"179",179,179,179,71,17,"483","<no-id>"
"180",180,180,180,72,18,"534","<no-id>"
"181",181,181,181,73,19,"481","<no-id>"
"182",182,182,182,74,20,"523","<no-id>"
"183",183,183,183,75,21,"517","<no-id>"
"184",184,184,184,76,22,"469","<no-id>"
"185",185,185,185,77,23,"452","<no-id>"
"186",186,186,186,78,24,"511","<no-id>"
"187",187,187,187,79,25,"470","<no-id>"
"188",188,188,188,80,26,"465","<no-id>"
"189",189,189,189,81,27,"456","<no-id>"
"190",190,190,190,82,28,"454","<no-id>"
"191",191,191,191,83,29,"472","<no-id>"
"192",192,192,192,84,30,"537","<no-id>"
"193",193,193,193,85,31,"467","<no-id>"
"194",194,194,194,86,32,"548","<no-id>"
"195",195,195,195,87,33,"460","<no-id>"
"196",196,196,196,88,34,"447","<no-id>"
"197",197,197,197,89,35,"443","<no-id>"
"198",198,198,198,90,36,"453","<no-id>"
"199",199,199,199,91,37,"494","<no-id>"
"200",200,200,200,92,38,"550","<no-id>"
"201",201,201,201,93,39,"549","<no-id>"
"202",202,202,202,94,40,"543","<no-id>"
"203",203,203,203,95,41,"448","<no-id>"
"204",204,204,204,96,42,"524","<no-id>"
"205",205,205,205,97,43,"521","<no-id>"
"206",206,206,206,98,44,"482","<no-id>"
"207",207,207,207,99,45,"540","<no-id>"
"208",208,208,208,100,46,"508","<no-id>"
"209",209,209,209,101,47,"458","<no-id>"
"210",210,210,210,102,48,"449","<no-id>"
"211",211,211,211,103,49,"444","<no-id>"
"212",212,212,212,104,50,"485","<no-id>"
"213",213,213,213,105,51,"504","<no-id>"
"214",214,214,214,106,52,"541","<no-id>"
"215",215,215,215,107,53,"463","<no-id>"
"216",216,216,216,108,54,"Attention_PR-AttendedTalkerEar.csv","Attention_PR-AttendedTalkerGender.csv"
"217",217,217,1,1,1,"495","<no-id>"
"218",218,218,2,2,2,"451","<no-id>"
"219",219,219,3,3,3,"445","<no-id>"
"220",220,220,4,4,4,"455","<no-id>"
"221",221,221,5,5,5,"493","<no-id>"
"222",222,222,6,6,6,"535","<no-id>"
"223",223,223,7,7,7,"546","<no-id>"
"224",224,224,8,8,8,"544","<no-id>"
"225",225,225,9,9,9,"501","<no-id>"
"226",226,226,10,10,10,"531","<no-id>"
"227",227,227,11,11,11,"490","<no-id>"
"228",228,228,12,12,12,"461","<no-id>"
"229",229,229,13,13,13,"539","<no-id>"
"230",230,230,14,14,14,"533","<no-id>"
"231",231,231,15,15,15,"509","<no-id>"
"232",232,232,16,16,16,"446","<no-id>"
"233",233,233,17,17,17,"483","<no-id>"
"234",234,234,18,18,18,"534","<no-id>"
"235",235,235,19,19,19,"481","<no-id>"
"236",236,236,20,20,20,"523","<no-id>"
"237",237,237,21,21,21,"517","<no-id>"
"238",238,238,22,22,22,"469","<no-id>"
"239",239,239,23,23,23,"452","<no-id>"
"240",240,240,24,24,24,"511","<no-id>"
"241",241,241,25,25,25,"470","<no-id>"
"242",242,242,26,26,26,"465","<no-id>"
"243",243,243,27,27,27,"456","<no-id>"
"244",244,244,28,28,28,"454","<no-id>"
"245",245,245,29,29,29,"472","<no-id>"
"246",246,246,30,30,30,"537","<no-id>"
"247",247,247,31,31,31,"467","<no-id>"
"248",248,248,32,32,32,"548","<no-id>"
"249",249,249,33,33,33,"460","<no-id>"
"250",250,250,34,34,34,"447","<no-id>"
"251",251,251,35,35,35,"443","<no-id>"
"252",252,252,36,36,36,"453","<no-id>"
"253",253,253,37,37,37,"494","<no-id>"
"254",254,254,38,38,38,"550","<no-id>"
"255",255,255,39,39,39,"549","<no-id>"
"256",256,256,40,40,40,"543","<no-id>"
"257",257,257,41,41,41,"448","<no-id>"
"258",258,258,42,42,42,"524","<no-id>"
"259",259,259,43,43,43,"521","<no-id>"
"260",260,260,44,44,44,"482","<no-id>"
"261",261,261,45,45,45,"540","<no-id>"
"262",262,262,46,46,46,"508","<no-id>"
"263",263,263,47,47,47,"458","<no-id>"
"264",264,264,48,48,48,"449","<no-id>"
"265",265,265,49,49,49,"444","<no-id>"
"266",266,266,50,50,50,"485","<no-id>"
"267",267,267,51,51,51,"504","<no-id>"
"268",268,268,52,52,52,"541","<no-id>"
"269",269,269,53,53,53,"463","<no-id>"
"270",270,270,54,54,54,"Attention_PR-AttendedTalkerEar.csv","Attention_PR-AttendedTalkerGender.csv"
"271",271,271,55,55,1,"495","<no-id>"
"272",272,272,56,56,2,"451","<no-id>"
"273",273,273,57,57,3,"445","<no-id>"
"274",274,274,58,58,4,"455","<no-id>"
"275",275,275,59,59,5,"493","<no-id>"
"276",276,276,60,60,6,"535","<no-id>"
"277",277,277,61,61,7,"546","<no-id>"
"278",278,278,62,62,8,"544","<no-id>"
"279",279,279,63,63,9,"501","<no-id>"
"280",280,280,64,64,10,"531","<no-id>"
"281",281,281,65,65,11,"490","<no-id>"
"282",282,282,66,66,12,"461","<no-id>"
"283",283,283,67,67,13,"539","<no-id>"
"284",284,284,68,68,14,"533","<no-id>"
"285",285,285,69,69,15,"509","<no-id>"
"286",286,286,70,70,16,"446","<no-id>"
"287",287,287,71,71,17,"483","<no-id>"
"288",288,288,72,72,18,"534","<no-id>"
"289",289,289,73,73,19,"481","<no-id>"
"290",290,290,74,74,20,"523","<no-id>"
"291",291,291,75,75,21,"517","<no-id>"
"292",292,292,76,76,22,"469","<no-id>"
"293",293,293,77,77,23,"452","<no-id>"
"294",294,294,78,78,24,"511","<no-id>"
"295",295,295,79,79,25,"470","<no-id>"
"296",296,296,80,80,26,"465","<no-id>"
"297",297,297,81,81,27,"456","<no-id>"
"298",298,298,82,82,28,"454","<no-id>"
"299",299,299,83,83,29,"472","<no-id>"
"300",300,300,84,84,30,"537","<no-id>"
"301",301,301,85,85,31,"467","<no-id>"
"302",302,302,86,86,32,"548","<no-id>"
"303",303,303,87,87,33,"460","<no-id>"
"304",304,304,88,88,34,"447","<no-id>"
"305",305,305,89,89,35,"443","<no-id>"
"306",306,306,90,90,36,"453","<no-id>"
"307",307,307,91,91,37,"494","<no-id>"
"308",308,308,92,92,38,"550","<no-id>"
"309",309,309,93,93,39,"549","<no-id>"
"310",310,310,94,94,40,"543","<no-id>"
"311",311,311,95,95,41,"448","<no-id>"
"312",312,312,96,96,42,"524","<no-id>"
"313",313,313,97,97,43,"521","<no-id>"
"314",314,314,98,98,44,"482","<no-id>"
"315",315,315,99,99,45,"540","<no-id>"
"316",316,316,100,100,46,"508","<no-id>"
"317",317,317,101,101,47,"458","<no-id>"
"318",318,318,102,102,48,"449","<no-id>"
"319",319,319,103,103,49,"444","<no-id>"
"320",320,320,104,104,50,"485","<no-id>"
"321",321,321,105,105,51,"504","<no-id>"
"322",322,322,106,106,52,"541","<no-id>"
"323",323,323,107,107,53,"463","<no-id>"
"324",324,324,108,108,54,"Attention_PR-AttendedTalkerEar.csv","Attention_PR-AttendedTalkerGender.csv"
"325",325,325,109,1,1,"495","<no-id>"
"326",326,326,110,2,2,"451","<no-id>"
"327",327,327,111,3,3,"445","<no-id>"
"328",328,328,112,4,4,"455","<no-id>"
"329",329,329,113,5,5,"493","<no-id>"
"330",330,330,114,6,6,"535","<no-id>"
"331",331,331,115,7,7,"546","<no-id>"
"332",332,332,116,8,8,"544","<no-id>"
"333",333,333,117,9,9,"501","<no-id>"
"334",334,334,118,10,10,"531","<no-id>"
"335",335,335,119,11,11,"490","<no-id>"
"336",336,336,120,12,12,"461","<no-id>"
"337",337,337,121,13,13,"539","<no-id>"
"338",338,338,122,14,14,"533","<no-id>"
"339",339,339,123,15,15,"509","<no-id>"
"340",340,340,124,16,16,"446","<no-id>"
"341",341,341,125,17,17,"483","<no-id>"
"342",342,342,126,18,18,"534","<no-id>"
"343",343,343,127,19,19,"481","<no-id>"
"344",344,344,128,20,20,"523","<no-id>"
"345",345,345,129,21,21,"517","<no-id>"
"346",346,346,130,22,22,"469","<no-id>"
"347",347,347,131,23,23,"452","<no-id>"
"348",348,348,132,24,24,"511","<no-id>"
"349",349,349,133,25,25,"470","<no-id>"
"350",350,350,134,26,26,"465","<no-id>"
"351",351,351,135,27,27,"456","<no-id>"
"352",352,352,136,28,28,"454","<no-id>"
"353",353,353,137,29,29,"472","<no-id>"
"354",354,354,138,30,30,"537","<no-id>"
"355",355,355,139,31,31,"467","<no-id>"
"356",356,356,140,32,32,"548","<no-id>"
"357",357,357,141,33,33,"460","<no-id>"
"358",358,358,142,34,34,"447","<no-id>"
"359",359,359,143,35,35,"443","<no-id>"
"360",360,360,144,36,36,"453","<no-id>"
"361",361,361,145,37,37,"494","<no-id>"
"362",362,362,146,38,38,"550","<no-id>"
"363",363,363,147,39,39,"549","<no-id>"
"364",364,364,148,40,40,"543","<no-id>"
"365",365,365,149,41,41,"448","<no-id>"
"366",366,366,150,42,42,"524","<no-id>"
"367",367,367,151,43,43,"521","<no-id>"
"368",368,368,152,44,44,"482","<no-id>"
"369",369,369,153,45,45,"540","<no-id>"
"370",370,370,154,46,46,"508","<no-id>"
"371",371,371,155,47,47,"458","<no-id>"
"372",372,372,156,48,48,"449","<no-id>"
"373",373,373,157,49,49,"444","<no-id>"
"374",374,374,158,50,50,"485","<no-id>"
"375",375,375,159,51,51,"504","<no-id>"
"376",376,376,160,52,52,"541","<no-id>"
"377",377,377,161,53,53,"463","<no-id>"
"378",378,378,162,54,54,"Attention_PR-AttendedTalkerEar.csv","Attention_PR-AttendedTalkerGender.csv"
"379",379,379,163,55,1,"495","<no-id>"
"380",380,380,164,56,2,"451","<no-id>"
"381",381,381,165,57,3,"445","<no-id>"
"382",382,382,166,58,4,"455","<no-id>"
"383",383,383,167,59,5,"493","<no-id>"
"384",384,384,168,60,6,"535","<no-id>"
"385",385,385,169,61,7,"546","<no-id>"
"386",386,386,170,62,8,"544","<no-id>"
"387",387,387,171,63,9,"501","<no-id>"
"388",388,388,172,64,10,"531","<no-id>"
"389",389,389,173,65,11,"490","<no-id>"
"390",390,390,174,66,12,"461","<no-id>"
"391",391,391,175,67,13,"539","<no-id>"
"392",392,392,176,68,14,"533","<no-id>"
"393",393,393,177,69,15,"509","<no-id>"
"394",394,394,178,70,16,"446","<no-id>"
"395",395,395,179,71,17,"483","<no-id>"
"396",396,396,180,72,18,"534","<no-id>"
"397",397,397,181,73,19,"481","<no-id>"
"398",398,398,182,74,20,"523","<no-id>"
"399",399,399,183,75,21,"517","<no-id>"
"400",400,400,184,76,22,"469","<no-id>"
"401",401,401,185,77,23,"452","<no-id>"
"402",402,402,186,78,24,"511","<no-id>"
"403",403,403,187,79,25,"470","<no-id>"
"404",404,404,188,80,26,"465","<no-id>"
"405",405,405,189,81,27,"456","<no-id>"
"406",406,406,190,82,28,"454","<no-id>"
"407",407,407,191,83,29,"472","<no-id>"
"408",408,408,192,84,30,"537","<no-id>"
"409",409,409,193,85,31,"467","<no-id>"
"410",410,410,194,86,32,"548","<no-id>"
"411",411,411,195,87,33,"460","<no-id>"
"412",412,412,196,88,34,"447","<no-id>"
"413",413,413,197,89,35,"443","<no-id>"
"414",414,414,198,90,36,"453","<no-id>"
"415",415,415,199,91,37,"494","<no-id>"
"416",416,416,200,92,38,"550","<no-id>"
"417",417,417,201,93,39,"549","<no-id>"
"418",418,418,202,94,40,"543","<no-id>"
"419",419,419,203,95,41,"448","<no-id>"
"420",420,420,204,96,42,"524","<no-id>"
"421",421,421,205,97,43,"521","<no-id>"
"422",422,422,206,98,44,"482","<no-id>"
"423",423,423,207,99,45,"540","<no-id>"
"424",424,424,208,100,46,"508","<no-id>"
"425",425,425,209,101,47,"458","<no-id>"
"426",426,426,210,102,48,"449","<no-id>"
"427",427,427,211,103,49,"444","<no-id>"
"428",428,428,212,104,50,"485","<no-id>"
"429",429,429,213,105,51,"504","<no-id>"
"430",430,430,214,106,52,"541","<no-id>"
"431",431,431,215,107,53,"463","<no-id>"
"432",432,432,216,108,54,"Attention_PR-AttendedTalkerEar.csv","Attention_PR-AttendedTalkerGender.csv"
"433",433,1,1,1,1,"495","<no-id>"
"434",434,2,2,2,2,"451","<no-id>"
"435",435,3,3,3,3,"445","<no-id>"
"436",436,4,4,4,4,"455","<no-id>"
"437",437,5,5,5,5,"493","<no-id>"
"438",438,6,6,6,6,"535","<no-id>"
"439",439,7,7,7,7,"546","<no-id>"
"440",440,8,8,8,8,"544","<no-id>"
"441",441,9,9,9,9,"501","<no-id>"
"442",442,10,10,10,10,"531","<no-id>"
"443",443,11,11,11,11,"490","<no-id>"
"444",444,12,12,12,12,"461","<no-id>"
"445",445,13,13,13,13,"539","<no-id>"
"446",446,14,14,14,14,"533","<no-id>"
"447",447,15,15,15,15,"509","<no-id>"
"448",448,16,16,16,16,"446","<no-id>"
"449",449,17,17,17,17,"483","<no-id>"
"450",450,18,18,18,18,"534","<no-id>"
"451",451,19,19,19,19,"481","<no-id>"
"452",452,20,20,20,20,"523","<no-id>"
"453",453,21,21,21,21,"517","<no-id>"
"454",454,22,22,22,22,"469","<no-id>"
"455",455,23,23,23,23,"452","<no-id>"
"456",456,24,24,24,24,"511","<no-id>"
"457",457,25,25,25,25,"470","<no-id>"
"458",458,26,26,26,26,"465","<no-id>"
"459",459,27,27,27,27,"456","<no-id>"
"460",460,28,28,28,28,"454","<no-id>"
"461",461,29,29,29,29,"472","<no-id>"
"462",462,30,30,30,30,"537","<no-id>"
"463",463,31,31,31,31,"467","<no-id>"
"464",464,32,32,32,32,"548","<no-id>"
"465",465,33,33,33,33,"460","<no-id>"
"466",466,34,34,34,34,"447","<no-id>"
"467",467,35,35,35,35,"443","<no-id>"
"468",468,36,36,36,36,"453","<no-id>"
"469",469,37,37,37,37,"494","<no-id>"
"470",470,38,38,38,38,"550","<no-id>"
"471",471,39,39,39,39,"549","<no-id>"
"472",472,40,40,40,40,"543","<no-id>"
"473",473,41,41,41,41,"448","<no-id>"
"474",474,42,42,42,42,"524","<no-id>"
"475",475,43,43,43,43,"521","<no-id>"
"476",476,44,44,44,44,"482","<no-id>"
"477",477,45,45,45,45,"540","<no-id>"
"478",478,46,46,46,46,"508","<no-id>"
"479",479,47,47,47,47,"458","<no-id>"
"480",480,48,48,48,48,"449","<no-id>"
"481",481,49,49,49,49,"444","<no-id>"
"482",482,50,50,50,50,"485","<no-id>"
"483",483,51,51,51,51,"504","<no-id>"
"484",484,52,52,52,52,"541","<no-id>"
"485",485,53,53,53,53,"463","<no-id>"
"486",486,54,54,54,54,"Attention_PR-AttendedTalkerEar.csv","Attention_PR-AttendedTalkerGender.csv"
"487",487,55,55,55,1,"495","<no-id>"
"488",488,56,56,56,2,"451","<no-id>"
"489",489,57,57,57,3,"445","<no-id>"
"490",490,58,58,58,4,"455","<no-id>"
"491",491,59,59,59,5,"493","<no-id>"
"492",492,60,60,60,6,"535","<no-id>"
"493",493,61,61,61,7,"546","<no-id>"
"494",494,62,62,62,8,"544","<no-id>"
"495",495,63,63,63,9,"501","<no-id>"
"496",496,64,64,64,10,"531","<no-id>"
"497",497,65,65,65,11,"490","<no-id>"
"498",498,66,66,66,12,"461","<no-id>"
"499",499,67,67,67,13,"539","<no-id>"
"500",500,68,68,68,14,"533","<no-id>"
"501",501,69,69,69,15,"509","<no-id>"
"502",502,70,70,70,16,"446","<no-id>"
"503",503,71,71,71,17,"483","<no-id>"
"504",504,72,72,72,18,"534","<no-id>"
"505",505,73,73,73,19,"481","<no-id>"
"506",506,74,74,74,20,"523","<no-id>"
"507",507,75,75,75,21,"517","<no-id>"
"508",508,76,76,76,22,"469","<no-id>"
"509",509,77,77,77,23,"452","<no-id>"
"510",510,78,78,78,24,"511","<no-id>"
"511",511,79,79,79,25,"470","<no-id>"
"512",512,80,80,80,26,"465","<no-id>"
"513",513,81,81,81,27,"456","<no-id>"
"514",514,82,82,82,28,"454","<no-id>"
"515",515,83,83,83,29,"472","<no-id>"
"516",516,84,84,84,30,"537","<no-id>"
"517",517,85,85,85,31,"467","<no-id>"
"518",518,86,86,86,32,"548","<no-id>"
"519",519,87,87,87,33,"460","<no-id>"
"520",520,88,88,88,34,"447","<no-id>"
"521",521,89,89,89,35,"443","<no-id>"
"522",522,90,90,90,36,"453","<no-id>"
"523",523,91,91,91,37,"494","<no-id>"
"524",524,92,92,92,38,"550","<no-id>"
"525",525,93,93,93,39,"549","<no-id>"
"526",526,94,94,94,40,"543","<no-id>"
"527",527,95,95,95,41,"448","<no-id>"
"528",528,96,96,96,42,"524","<no-id>"
"529",529,97,97,97,43,"521","<no-id>"
"530",530,98,98,98,44,"482","<no-id>"
"531",531,99,99,99,45,"540","<no-id>"
"532",532,100,100,100,46,"508","<no-id>"
"533",533,101,101,101,47,"458","<no-id>"
"534",534,102,102,102,48,"449","<no-id>"
"535",535,103,103,103,49,"444","<no-id>"
"536",536,104,104,104,50,"485","<no-id>"
"537",537,105,105,105,51,"504","<no-id>"
"538",538,106,106,106,52,"541","<no-id>"
"539",539,107,107,107,53,"463","<no-id>"
"540",540,108,108,108,54,"Attention_PR-AttendedTalkerEar.csv","Attention_PR-AttendedTalkerGender.csv"
"541",541,109,109,1,1,"495","<no-id>"
"542",542,110,110,2,2,"451","<no-id>"
"543",543,111,111,3,3,"445","<no-id>"
"544",544,112,112,4,4,"455","<no-id>"
"545",545,113,113,5,5,"493","<no-id>"
"546",546,114,114,6,6,"535","<no-id>"
"547",547,115,115,7,7,"546","<no-id>"
"548",548,116,116,8,8,"544","<no-id>"
"549",549,117,117,9,9,"501","<no-id>"
"550",550,118,118,10,10,"531","<no-id>"
"551",551,119,119,11,11,"490","<no-id>"
"552",552,120,120,12,12,"461","<no-id>"
"553",553,121,121,13,13,"539","<no-id>"
"554",554,122,122,14,14,"533","<no-id>"
"555",555,123,123,15,15,"509","<no-id>"
"556",556,124,124,16,16,"446","<no-id>"
"557",557,125,125,17,17,"483","<no-id>"
"558",558,126,126,18,18,"534","<no-id>"
"559",559,127,127,19,19,"481","<no-id>"
"560",560,128,128,20,20,"523","<no-id>"
"561",561,129,129,21,21,"517","<no-id>"
"562",562,130,130,22,22,"469","<no-id>"
"563",563,131,131,23,23,"452","<no-id>"
"564",564,132,132,24,24,"511","<no-id>"
"565",565,133,133,25,25,"470","<no-id>"
"566",566,134,134,26,26,"465","<no-id>"
"567",567,135,135,27,27,"456","<no-id>"
"568",568,136,136,28,28,"454","<no-id>"
"569",569,137,137,29,29,"472","<no-id>"
"570",570,138,138,30,30,"537","<no-id>"
"571",571,139,139,31,31,"467","<no-id>"
"572",572,140,140,32,32,"548","<no-id>"
"573",573,141,141,33,33,"460","<no-id>"
"574",574,142,142,34,34,"447","<no-id>"
"575",575,143,143,35,35,"443","<no-id>"
"576",576,144,144,36,36,"453","<no-id>"
"577",577,145,145,37,37,"494","<no-id>"
"578",578,146,146,38,38,"550","<no-id>"
"579",579,147,147,39,39,"549","<no-id>"
"580",580,148,148,40,40,"543","<no-id>"
"581",581,149,149,41,41,"448","<no-id>"
"582",582,150,150,42,42,"524","<no-id>"
"583",583,151,151,43,43,"521","<no-id>"
"584",584,152,152,44,44,"482","<no-id>"
"585",585,153,153,45,45,"540","<no-id>"
"586",586,154,154,46,46,"508","<no-id>"
"587",587,155,155,47,47,"458","<no-id>"
"588",588,156,156,48,48,"449","<no-id>"
"589",589,157,157,49,49,"444","<no-id>"
"590",590,158,158,50,50,"485","<no-id>"
"591",591,159,159,51,51,"504","<no-id>"
"592",592,160,160,52,52,"541","<no-id>"
"593",593,161,161,53,53,"463","<no-id>"
"594",594,162,162,54,54,"Attention_PR-AttendedTalkerEar.csv","Attention_PR-AttendedTalkerGender.csv"
"595",595,163,163,55,1,"495","<no-id>"
"596",596,164,164,56,2,"451","<no-id>"
"597",597,165,165,57,3,"445","<no-id>"
"598",598,166,166,58,4,"455","<no-id>"
"599",599,167,167,59,5,"493","<no-id>"
"600",600,168,168,60,6,"535","<no-id>"
"601",601,169,169,61,7,"546","<no-id>"
"602",602,170,170,62,8,"544","<no-id>"
"603",603,171,171,63,9,"501","<no-id>"
"604",604,172,172,64,10,"531","<no-id>"
"605",605,173,173,65,11,"490","<no-id>"
"606",606,174,174,66,12,"461","<no-id>"
"607",607,175,175,67,13,"539","<no-id>"
"608",608,176,176,68,14,"533","<no-id>"
"609",609,177,177,69,15,"509","<no-id>"
"610",610,178,178,70,16,"446","<no-id>"
"611",611,179,179,71,17,"483","<no-id>"
"612",612,180,180,72,18,"534","<no-id>"
"613",613,181,181,73,19,"481","<no-id>"
"614",614,182,182,74,20,"523","<no-id>"
"615",615,183,183,75,21,"517","<no-id>"
"616",616,184,184,76,22,"469","<no-id>"
"617",617,185,185,77,23,"452","<no-id>"
"618",618,186,186,78,24,"511","<no-id>"
"619",619,187,187,79,25,"470","<no-id>"
"620",620,188,188,80,26,"465","<no-id>"
"621",621,189,189,81,27,"456","<no-id>"
"622",622,190,190,82,28,"454","<no-id>"
"623",623,191,191,83,29,"472","<no-id>"
"624",624,192,192,84,30,"537","<no-id>"
"625",625,193,193,85,31,"467","<no-id>"
"626",626,194,194,86,32,"548","<no-id>"
"627",627,195,195,87,33,"460","<no-id>"
"628",628,196,196,88,34,"447","<no-id>"
"629",629,197,197,89,35,"443","<no-id>"
"630",630,198,198,90,36,"453","<no-id>"
"631",631,199,199,91,37,"494","<no-id>"
"632",632,200,200,92,38,"550","<no-id>"
"633",633,201,201,93,39,"549","<no-id>"
"634",634,202,202,94,40,"543","<no-id>"
"635",635,203,203,95,41,"448","<no-id>"
"636",636,204,204,96,42,"524","<no-id>"
"637",637,205,205,97,43,"521","<no-id>"
"638",638,206,206,98,44,"482","<no-id>"
"639",639,207,207,99,45,"540","<no-id>"
"640",640,208,208,100,46,"508","<no-id>"
"641",641,209,209,101,47,"458","<no-id>"
"642",642,210,210,102,48,"449","<no-id>"
"643",643,211,211,103,49,"444","<no-id>"
"644",644,212,212,104,50,"485","<no-id>"
"645",645,213,213,105,51,"504","<no-id>"
"646",646,214,214,106,52,"541","<no-id>"
"647",647,215,215,107,53,"463","<no-id>"
"648",648,216,216,108,54,"Attention_PR-AttendedTalkerEar.csv","Attention_PR-AttendedTalkerGender.csv"
"649",649,217,1,1,1,"495","<no-id>"
"650",650,218,2,2,2,"451","<no-id>"
"651",651,219,3,3,3,"445","<no-id>"
"652",652,220,4,4,4,"455","<no-id>"
"653",653,221,5,5,5,"493","<no-id>"
"654",654,222,6,6,6,"535","<no-id>"
"655",655,223,7,7,7,"546","<no-id>"
"656",656,224,8,8,8,"544","<no-id>"
"657",657,225,9,9,9,"501","<no-id>"
"658",658,226,10,10,10,"531","<no-id>"
"659",659,227,11,11,11,"490","<no-id>"
"660",660,228,12,12,12,"461","<no-id>"
"661",661,229,13,13,13,"539","<no-id>"
"662",662,230,14,14,14,"533","<no-id>"
"663",663,231,15,15,15,"509","<no-id>"
"664",664,232,16,16,16,"446","<no-id>"
"665",665,233,17,17,17,"483","<no-id>"
"666",666,234,18,18,18,"534","<no-id>"
"667",667,235,19,19,19,"481","<no-id>"
"668",668,236,20,20,20,"523","<no-id>"
"669",669,237,21,21,21,"517","<no-id>"
"670",670,238,22,22,22,"469","<no-id>"
"671",671,239,23,23,23,"452","<no-id>"
"672",672,240,24,24,24,"511","<no-id>"
"673",673,241,25,25,25,"470","<no-id>"
"674",674,242,26,26,26,"465","<no-id>"
"675",675,243,27,27,27,"456","<no-id>"
"676",676,244,28,28,28,"454","<no-id>"
"677",677,245,29,29,29,"472","<no-id>"
"678",678,246,30,30,30,"537","<no-id>"
"679",679,247,31,31,31,"467","<no-id>"
"680",680,248,32,32,32,"548","<no-id>"
"681",681,249,33,33,33,"460","<no-id>"
"682",682,250,34,34,34,"447","<no-id>"
"683",683,251,35,35,35,"443","<no-id>"
"684",684,252,36,36,36,"453","<no-id>"
"685",685,253,37,37,37,"494","<no-id>"
"686",686,254,38,38,38,"550","<no-id>"
"687",687,255,39,39,39,"549","<no-id>"
"688",688,256,40,40,40,"543","<no-id>"
"689",689,257,41,41,41,"448","<no-id>"
"690",690,258,42,42,42,"524","<no-id>"
"691",691,259,43,43,43,"521","<no-id>"
"692",692,260,44,44,44,"482","<no-id>"
"693",693,261,45,45,45,"540","<no-id>"
"694",694,262,46,46,46,"508","<no-id>"
"695",695,263,47,47,47,"458","<no-id>"
"696",696,264,48,48,48,"449","<no-id>"
"697",697,265,49,49,49,"444","<no-id>"
"698",698,266,50,50,50,"485","<no-id>"
"699",699,267,51,51,51,"504","<no-id>"
"700",700,268,52,52,52,"541","<no-id>"
"701",701,269,53,53,53,"463","<no-id>"
"702",702,270,54,54,54,"Attention_PR-AttendedTalkerEar.csv","Attention_PR-AttendedTalkerGender.csv"
"703",703,271,55,55,1,"495","<no-id>"
"704",704,272,56,56,2,"451","<no-id>"
"705",705,273,57,57,3,"445","<no-id>"
"706",706,274,58,58,4,"455","<no-id>"
"707",707,275,59,59,5,"493","<no-id>"
"708",708,276,60,60,6,"535","<no-id>"
"709",709,277,61,61,7,"546","<no-id>"
"710",710,278,62,62,8,"544","<no-id>"
"711",711,279,63,63,9,"501","<no-id>"
"712",712,280,64,64,10,"531","<no-id>"
"713",713,281,65,65,11,"490","<no-id>"
"714",714,282,66,66,12,"461","<no-id>"
"715",715,283,67,67,13,"539","<no-id>"
"716",716,284,68,68,14,"533","<no-id>"
"717",717,285,69,69,15,"509","<no-id>"
"718",718,286,70,70,16,"446","<no-id>"
"719",719,287,71,71,17,"483","<no-id>"
"720",720,288,72,72,18,"534","<no-id>"
"721",721,289,73,73,19,"481","<no-id>"
"722",722,290,74,74,20,"523","<no-id>"
"723",723,291,75,75,21,"517","<no-id>"
"724",724,292,76,76,22,"469","<no-id>"
"725",725,293,77,77,23,"452","<no-id>"
"726",726,294,78,78,24,"511","<no-id>"
"727",727,295,79,79,25,"470","<no-id>"
"728",728,296,80,80,26,"465","<no-id>"
"729",729,297,81,81,27,"456","<no-id>"
"730",730,298,82,82,28,"454","<no-id>"
"731",731,299,83,83,29,"472","<no-id>"
"732",732,300,84,84,30,"537","<no-id>"
"733",733,301,85,85,31,"467","<no-id>"
"734",734,302,86,86,32,"548","<no-id>"
"735",735,303,87,87,33,"460","<no-id>"
"736",736,304,88,88,34,"447","<no-id>"
"737",737,305,89,89,35,"443","<no-id>"
"738",738,306,90,90,36,"453","<no-id>"
"739",739,307,91,91,37,"494","<no-id>"
"740",740,308,92,92,38,"550","<no-id>"
"741",741,309,93,93,39,"549","<no-id>"
"742",742,310,94,94,40,"543","<no-id>"
"743",743,311,95,95,41,"448","<no-id>"
"744",744,312,96,96,42,"524","<no-id>"
"745",745,313,97,97,43,"521","<no-id>"
"746",746,314,98,98,44,"482","<no-id>"
"747",747,315,99,99,45,"540","<no-id>"
"748",748,316,100,100,46,"508","<no-id>"
"749",749,317,101,101,47,"458","<no-id>"
"750",750,318,102,102,48,"449","<no-id>"
"751",751,319,103,103,49,"444","<no-id>"
"752",752,320,104,104,50,"485","<no-id>"
"753",753,321,105,105,51,"504","<no-id>"
"754",754,322,106,106,52,"541","<no-id>"
"755",755,323,107,107,53,"463","<no-id>"
"756",756,324,108,108,54,"Attention_PR-AttendedTalkerEar.csv","Attention_PR-AttendedTalkerGender.csv"
"757",757,325,109,1,1,"495","<no-id>"
"758",758,326,110,2,2,"451","<no-id>"
"759",759,327,111,3,3,"445","<no-id>"
"760",760,328,112,4,4,"455","<no-id>"
"761",761,329,113,5,5,"493","<no-id>"
"762",762,330,114,6,6,"535","<no-id>"
"763",763,331,115,7,7,"546","<no-id>"
"764",764,332,116,8,8,"544","<no-id>"
"765",765,333,117,9,9,"501","<no-id>"
"766",766,334,118,10,10,"531","<no-id>"
"767",767,335,119,11,11,"490","<no-id>"
"768",768,336,120,12,12,"461","<no-id>"
"769",769,337,121,13,13,"539","<no-id>"
"770",770,338,122,14,14,"533","<no-id>"
"771",771,339,123,15,15,"509","<no-id>"
"772",772,340,124,16,16,"446","<no-id>"
"773",773,341,125,17,17,"483","<no-id>"
"774",774,342,126,18,18,"534","<no-id>"
"775",775,343,127,19,19,"481","<no-id>"
"776",776,344,128,20,20,"523","<no-id>"
"777",777,345,129,21,21,"517","<no-id>"
"778",778,346,130,22,22,"469","<no-id>"
"779",779,347,131,23,23,"452","<no-id>"
"780",780,348,132,24,24,"511","<no-id>"
"781",781,349,133,25,25,"470","<no-id>"
"782",782,350,134,26,26,"465","<no-id>"
"783",783,351,135,27,27,"456","<no-id>"
"784",784,352,136,28,28,"454","<no-id>"
"785",785,353,137,29,29,"472","<no-id>"
"786",786,354,138,30,30,"537","<no-id>"
"787",787,355,139,31,31,"467","<no-id>"
"788",788,356,140,32,32,"548","<no-id>"
"789",789,357,141,33,33,"460","<no-id>"
"790",790,358,142,34,34,"447","<no-id>"
"791",791,359,143,35,35,"443","<no-id>"
"792",792,360,144,36,36,"453","<no-id>"
"793",793,361,145,37,37,"494","<no-id>"
"794",794,362,146,38,38,"550","<no-id>"
"795",795,363,147,39,39,"549","<no-id>"
"796",796,364,148,40,40,"543","<no-id>"
"797",797,365,149,41,41,"448","<no-id>"
"798",798,366,150,42,42,"524","<no-id>"
"799",799,367,151,43,43,"521","<no-id>"
"800",800,368,152,44,44,"482","<no-id>"
"801",801,369,153,45,45,"540","<no-id>"
"802",802,370,154,46,46,"508","<no-id>"
"803",803,371,155,47,47,"458","<no-id>"
"804",804,372,156,48,48,"449","<no-id>"
"805",805,373,157,49,49,"444","<no-id>"
"806",806,374,158,50,50,"485","<no-id>"
"807",807,375,159,51,51,"504","<no-id>"
"808",808,376,160,52,52,"541","<no-id>"
"809",809,377,161,53,53,"463","<no-id>"
"810",810,378,162,54,54,"Attention_PR-AttendedTalkerEar.csv","Attention_PR-AttendedTalkerGender.csv"
"811",811,379,163,55,1,"495","<no-id>"
"812",812,380,164,56,2,"451","<no-id>"
"813",813,381,165,57,3,"445","<no-id>"
"814",814,382,166,58,4,"455","<no-id>"
"815",815,383,167,59,5,"493","<no-id>"
"816",816,384,168,60,6,"535","<no-id>"
"817",817,385,169,61,7,"546","<no-id>"
"818",818,386,170,62,8,"544","<no-id>"
"819",819,387,171,63,9,"501","<no-id>"
"820",820,388,172,64,10,"531","<no-id>"
"821",821,389,173,65,11,"490","<no-id>"
"822",822,390,174,66,12,"461","<no-id>"
"823",823,391,175,67,13,"539","<no-id>"
"824",824,392,176,68,14,"533","<no-id>"
"825",825,393,177,69,15,"509","<no-id>"
"826",826,394,178,70,16,"446","<no-id>"
"827",827,395,179,71,17,"483","<no-id>"
"828",828,396,180,72,18,"534","<no-id>"
"829",829,397,181,73,19,"481","<no-id>"
"830",830,398,182,74,20,"523","<no-id>"
"831",831,399,183,75,21,"517","<no-id>"
"832",832,400,184,76,22,"469","<no-id>"
"833",833,401,185,77,23,"452","<no-id>"
"834",834,402,186,78,24,"511","<no-id>"
"835",835,403,187,79,25,"470","<no-id>"
"836",836,404,188,80,26,"465","<no-id>"
"837",837,405,189,81,27,"456","<no-id>"
"838",838,406,190,82,28,"454","<no-id>"
"839",839,407,191,83,29,"472","<no-id>"
"840",840,408,192,84,30,"537","<no-id>"
"841",841,409,193,85,31,"467","<no-id>"
"842",842,410,194,86,32,"548","<no-id>"
"843",843,411,195,87,33,"460","<no-id>"
"844",844,412,196,88,34,"447","<no-id>"
"845",845,413,197,89,35,"443","<no-id>"
"846",846,414,198,90,36,"453","<no-id>"
"847",847,415,199,91,37,"494","<no-id>"
"848",848,416,200,92,38,"550","<no-id>"
"849",849,417,201,93,39,"549","<no-id>"
"850",850,418,202,94,40,"543","<no-id>"
"851",851,419,203,95,41,"448","<no-id>"
"852",852,420,204,96,42,"524","<no-id>"
"853",853,421,205,97,43,"521","<no-id>"
"854",854,422,206,98,44,"482","<no-id>"
"855",855,423,207,99,45,"540","<no-id>"
"856",856,424,208,100,46,"508","<no-id>"
"857",857,425,209,101,47,"458","<no-id>"
"858",858,426,210,102,48,"449","<no-id>"
"859",859,427,211,103,49,"444","<no-id>"
"860",860,428,212,104,50,"485","<no-id>"
"861",861,429,213,105,51,"504","<no-id>"
"862",862,430,214,106,52,"541","<no-id>"
"863",863,431,215,107,53,"463","<no-id>"
"864",864,432,216,108,54,"Attention_PR-AttendedTalkerEar.csv","Attention_PR-AttendedTalkerGender.csv"
"865",1,1,1,1,1,"495","<no-id>"
"866",2,2,2,2,2,"451","<no-id>"
"867",3,3,3,3,3,"445","<no-id>"
"868",4,4,4,4,4,"455","<no-id>"
"869",5,5,5,5,5,"493","<no-id>"
"870",6,6,6,6,6,"535","<no-id>"
"871",7,7,7,7,7,"546","<no-id>"
"872",8,8,8,8,8,"544","<no-id>"
"873",9,9,9,9,9,"501","<no-id>"
"874",10,10,10,10,10,"531","<no-id>"
"875",11,11,11,11,11,"490","<no-id>"
"876",12,12,12,12,12,"461","<no-id>"
"877",13,13,13,13,13,"539","<no-id>"
"878",14,14,14,14,14,"533","<no-id>"
"879",15,15,15,15,15,"509","<no-id>"
"880",16,16,16,16,16,"446","<no-id>"
"881",17,17,17,17,17,"483","<no-id>"
"882",18,18,18,18,18,"534","<no-id>"
"883",19,19,19,19,19,"481","<no-id>"
"884",20,20,20,20,20,"523","<no-id>"
"885",21,21,21,21,21,"517","<no-id>"
"886",22,22,22,22,22,"469","<no-id>"
"887",23,23,23,23,23,"452","<no-id>"
"888",24,24,24,24,24,"511","<no-id>"
"889",25,25,25,25,25,"470","<no-id>"
"890",26,26,26,26,26,"465","<no-id>"
"891",27,27,27,27,27,"456","<no-id>"
"892",28,28,28,28,28,"454","<no-id>"
"893",29,29,29,29,29,"472","<no-id>"
"894",30,30,30,30,30,"537","<no-id>"
"895",31,31,31,31,31,"467","<no-id>"
"896",32,32,32,32,32,"548","<no-id>"
"897",33,33,33,33,33,"460","<no-id>"
"898",34,34,34,34,34,"447","<no-id>"
"899",35,35,35,35,35,"443","<no-id>"
"900",36,36,36,36,36,"453","<no-id>"
"901",37,37,37,37,37,"494","<no-id>"
"902",38,38,38,38,38,"550","<no-id>"
"903",39,39,39,39,39,"549","<no-id>"
"904",40,40,40,40,40,"543","<no-id>"
"905",41,41,41,41,41,"448","<no-id>"
"906",42,42,42,42,42,"524","<no-id>"
"907",43,43,43,43,43,"521","<no-id>"
"908",44,44,44,44,44,"482","<no-id>"
"909",45,45,45,45,45,"540","<no-id>"
"910",46,46,46,46,46,"508","<no-id>"
"911",47,47,47,47,47,"458","<no-id>"
"912",48,48,48,48,48,"449","<no-id>"
"913",49,49,49,49,49,"444","<no-id>"
"914",50,50,50,50,50,"485","<no-id>"
"915",51,51,51,51,51,"504","<no-id>"
"916",52,52,52,52,52,"541","<no-id>"
"917",53,53,53,53,53,"463","<no-id>"
"918",54,54,54,54,54,"Attention_PR-AttendedTalkerEar.csv","Attention_PR-AttendedTalkerGender.csv"
"919",55,55,55,55,1,"495","<no-id>"
"920",56,56,56,56,2,"451","<no-id>"
"921",57,57,57,57,3,"445","<no-id>"
"922",58,58,58,58,4,"455","<no-id>"
"923",59,59,59,59,5,"493","<no-id>"
"924",60,60,60,60,6,"535","<no-id>"
"925",61,61,61,61,7,"546","<no-id>"
"926",62,62,62,62,8,"544","<no-id>"
"927",63,63,63,63,9,"501","<no-id>"
"928",64,64,64,64,10,"531","<no-id>"
"929",65,65,65,65,11,"490","<no-id>"
"930",66,66,66,66,12,"461","<no-id>"
"931",67,67,67,67,13,"539","<no-id>"
"932",68,68,68,68,14,"533","<no-id>"
"933",69,69,69,69,15,"509","<no-id>"
"934",70,70,70,70,16,"446","<no-id>"
"935",71,71,71,71,17,"483","<no-id>"
"936",72,72,72,72,18,"534","<no-id>"
"937",73,73,73,73,19,"481","<no-id>"
"938",74,74,74,74,20,"523","<no-id>"
"939",75,75,75,75,21,"517","<no-id>"
"940",76,76,76,76,22,"469","<no-id>"
"941",77,77,77,77,23,"452","<no-id>"
"942",78,78,78,78,24,"511","<no-id>"
"943",79,79,79,79,25,"470","<no-id>"
"944",80,80,80,80,26,"465","<no-id>"
"945",81,81,81,81,27,"456","<no-id>"
"946",82,82,82,82,28,"454","<no-id>"
"947",83,83,83,83,29,"472","<no-id>"
"948",84,84,84,84,30,"537","<no-id>"
"949",85,85,85,85,31,"467","<no-id>"
"950",86,86,86,86,32,"548","<no-id>"
"951",87,87,87,87,33,"460","<no-id>"
"952",88,88,88,88,34,"447","<no-id>"
"953",89,89,89,89,35,"443","<no-id>"
"954",90,90,90,90,36,"453","<no-id>"
"955",91,91,91,91,37,"494","<no-id>"
"956",92,92,92,92,38,"550","<no-id>"
"957",93,93,93,93,39,"549","<no-id>"
"958",94,94,94,94,40,"543","<no-id>"
"959",95,95,95,95,41,"448","<no-id>"
"960",96,96,96,96,42,"524","<no-id>"
"961",97,97,97,97,43,"521","<no-id>"
"962",98,98,98,98,44,"482","<no-id>"
"963",99,99,99,99,45,"540","<no-id>"
"964",100,100,100,100,46,"508","<no-id>"
"965",101,101,101,101,47,"458","<no-id>"
"966",102,102,102,102,48,"449","<no-id>"
"967",103,103,103,103,49,"444","<no-id>"
"968",104,104,104,104,50,"485","<no-id>"
"969",105,105,105,105,51,"504","<no-id>"
"970",106,106,106,106,52,"541","<no-id>"
"971",107,107,107,107,53,"463","<no-id>"
"972",108,108,108,108,54,"Attention_PR-AttendedTalkerEar.csv","Attention_PR-AttendedTalkerGender.csv"
"973",109,109,109,1,1,"495","<no-id>"
"974",110,110,110,2,2,"451","<no-id>"
"975",111,111,111,3,3,"445","<no-id>"
"976",112,112,112,4,4,"455","<no-id>"
"977",113,113,113,5,5,"493","<no-id>"
"978",114,114,114,6,6,"535","<no-id>"
"979",115,115,115,7,7,"546","<no-id>"
"980",116,116,116,8,8,"544","<no-id>"
"981",117,117,117,9,9,"501","<no-id>"
"982",118,118,118,10,10,"531","<no-id>"
"983",119,119,119,11,11,"490","<no-id>"
"984",120,120,120,12,12,"461","<no-id>"
"985",121,121,121,13,13,"539","<no-id>"
"986",122,122,122,14,14,"533","<no-id>"
"987",123,123,123,15,15,"509","<no-id>"
"988",124,124,124,16,16,"446","<no-id>"
"989",125,125,125,17,17,"483","<no-id>"
"990",126,126,126,18,18,"534","<no-id>"
"991",127,127,127,19,19,"481","<no-id>"
"992",128,128,128,20,20,"523","<no-id>"
"993",129,129,129,21,21,"517","<no-id>"
"994",130,130,130,22,22,"469","<no-id>"
"995",131,131,131,23,23,"452","<no-id>"
"996",132,132,132,24,24,"511","<no-id>"
"997",133,133,133,25,25,"470","<no-id>"
"998",134,134,134,26,26,"465","<no-id>"
"999",135,135,135,27,27,"456","<no-id>"
"1000",136,136,136,28,28,"454","<no-id>"
"1001",137,137,137,29,29,"472","<no-id>"
"1002",138,138,138,30,30,"537","<no-id>"
"1003",139,139,139,31,31,"467","<no-id>"
"1004",140,140,140,32,32,"548","<no-id>"
"1005",141,141,141,33,33,"460","<no-id>"
"1006",142,142,142,34,34,"447","<no-id>"
"1007",143,143,143,35,35,"443","<no-id>"
"1008",144,144,144,36,36,"453","<no-id>"
"1009",145,145,145,37,37,"494","<no-id>"
"1010",146,146,146,38,38,"550","<no-id>"
"1011",147,147,147,39,39,"549","<no-id>"
"1012",148,148,148,40,40,"543","<no-id>"
"1013",149,149,149,41,41,"448","<no-id>"
"1014",150,150,150,42,42,"524","<no-id>"
"1015",151,151,151,43,43,"521","<no-id>"
"1016",152,152,152,44,44,"482","<no-id>"
"1017",153,153,153,45,45,"540","<no-id>"
"1018",154,154,154,46,46,"508","<no-id>"
"1019",155,155,155,47,47,"458","<no-id>"
"1020",156,156,156,48,48,"449","<no-id>"
"1021",157,157,157,49,49,"444","<no-id>"
"1022",158,158,158,50,50,"485","<no-id>"
"1023",159,159,159,51,51,"504","<no-id>"
"1024",160,160,160,52,52,"541","<no-id>"
"1025",161,161,161,53,53,"463","<no-id>"
"1026",162,162,162,54,54,"Attention_PR-AttendedTalkerEar.csv","Attention_PR-AttendedTalkerGender.csv"
"1027",163,163,163,55,1,"495","<no-id>"
"1028",164,164,164,56,2,"451","<no-id>"
"1029",165,165,165,57,3,"445","<no-id>"
"1030",166,166,166,58,4,"455","<no-id>"
"1031",167,167,167,59,5,"493","<no-id>"
"1032",168,168,168,60,6,"535","<no-id>"
"1033",169,169,169,61,7,"546","<no-id>"
"1034",170,170,170,62,8,"544","<no-id>"
"1035",171,171,171,63,9,"501","<no-id>"
"1036",172,172,172,64,10,"531","<no-id>"
"1037",173,173,173,65,11,"490","<no-id>"
"1038",174,174,174,66,12,"461","<no-id>"
"1039",175,175,175,67,13,"539","<no-id>"
"1040",176,176,176,68,14,"533","<no-id>"
"1041",177,177,177,69,15,"509","<no-id>"
"1042",178,178,178,70,16,"446","<no-id>"
"1043",179,179,179,71,17,"483","<no-id>"
"1044",180,180,180,72,18,"534","<no-id>"
"1045",181,181,181,73,19,"481","<no-id>"
"1046",182,182,182,74,20,"523","<no-id>"
"1047",183,183,183,75,21,"517","<no-id>"
"1048",184,184,184,76,22,"469","<no-id>"
"1049",185,185,185,77,23,"452","<no-id>"
"1050",186,186,186,78,24,"511","<no-id>"
"1051",187,187,187,79,25,"470","<no-id>"
"1052",188,188,188,80,26,"465","<no-id>"
"1053",189,189,189,81,27,"456","<no-id>"
"1054",190,190,190,82,28,"454","<no-id>"
"1055",191,191,191,83,29,"472","<no-id>"
"1056",192,192,192,84,30,"537","<no-id>"
"1057",193,193,193,85,31,"467","<no-id>"
"1058",194,194,194,86,32,"548","<no-id>"
"1059",195,195,195,87,33,"460","<no-id>"
"1060",196,196,196,88,34,"447","<no-id>"
"1061",197,197,197,89,35,"443","<no-id>"
"1062",198,198,198,90,36,"453","<no-id>"
"1063",199,199,199,91,37,"494","<no-id>"
"1064",200,200,200,92,38,"550","<no-id>"
"1065",201,201,201,93,39,"549","<no-id>"
"1066",202,202,202,94,40,"543","<no-id>"
"1067",203,203,203,95,41,"448","<no-id>"
"1068",204,204,204,96,42,"524","<no-id>"
"1069",205,205,205,97,43,"521","<no-id>"
"1070",206,206,206,98,44,"482","<no-id>"
"1071",207,207,207,99,45,"540","<no-id>"
"1072",208,208,208,100,46,"508","<no-id>"
"1073",209,209,209,101,47,"458","<no-id>"
"1074",210,210,210,102,48,"449","<no-id>"
"1075",211,211,211,103,49,"444","<no-id>"
"1076",212,212,212,104,50,"485","<no-id>"
"1077",213,213,213,105,51,"504","<no-id>"
"1078",214,214,214,106,52,"541","<no-id>"
"1079",215,215,215,107,53,"463","<no-id>"
"1080",216,216,216,108,54,"Attention_PR-AttendedTalkerEar.csv","Attention_PR-AttendedTalkerGender.csv"
"1081",217,217,1,1,1,"495","<no-id>"
"1082",218,218,2,2,2,"451","<no-id>"
"1083",219,219,3,3,3,"445","<no-id>"
"1084",220,220,4,4,4,"455","<no-id>"
"1085",221,221,5,5,5,"493","<no-id>"
"1086",222,222,6,6,6,"535","<no-id>"
"1087",223,223,7,7,7,"546","<no-id>"
"1088",224,224,8,8,8,"544","<no-id>"
"1089",225,225,9,9,9,"501","<no-id>"
"1090",226,226,10,10,10,"531","<no-id>"
"1091",227,227,11,11,11,"490","<no-id>"
"1092",228,228,12,12,12,"461","<no-id>"
"1093",229,229,13,13,13,"539","<no-id>"
"1094",230,230,14,14,14,"533","<no-id>"
"1095",231,231,15,15,15,"509","<no-id>"
"1096",232,232,16,16,16,"446","<no-id>"
"1097",233,233,17,17,17,"483","<no-id>"
"1098",234,234,18,18,18,"534","<no-id>"
"1099",235,235,19,19,19,"481","<no-id>"
"1100",236,236,20,20,20,"523","<no-id>"
"1101",237,237,21,21,21,"517","<no-id>"
"1102",238,238,22,22,22,"469","<no-id>"
"1103",239,239,23,23,23,"452","<no-id>"
"1104",240,240,24,24,24,"511","<no-id>"
"1105",241,241,25,25,25,"470","<no-id>"
"1106",242,242,26,26,26,"465","<no-id>"
"1107",243,243,27,27,27,"456","<no-id>"
"1108",244,244,28,28,28,"454","<no-id>"
"1109",245,245,29,29,29,"472","<no-id>"
"1110",246,246,30,30,30,"537","<no-id>"
"1111",247,247,31,31,31,"467","<no-id>"
"1112",248,248,32,32,32,"548","<no-id>"
"1113",249,249,33,33,33,"460","<no-id>"
"1114",250,250,34,34,34,"447","<no-id>"
"1115",251,251,35,35,35,"443","<no-id>"
"1116",252,252,36,36,36,"453","<no-id>"
"1117",253,253,37,37,37,"494","<no-id>"
"1118",254,254,38,38,38,"550","<no-id>"
"1119",255,255,39,39,39,"549","<no-id>"
"1120",256,256,40,40,40,"543","<no-id>"
"1121",257,257,41,41,41,"448","<no-id>"
"1122",258,258,42,42,42,"524","<no-id>"
"1123",259,259,43,43,43,"521","<no-id>"
"1124",260,260,44,44,44,"482","<no-id>"
"1125",261,261,45,45,45,"540","<no-id>"
"1126",262,262,46,46,46,"508","<no-id>"
"1127",263,263,47,47,47,"458","<no-id>"
"1128",264,264,48,48,48,"449","<no-id>"
"1129",265,265,49,49,49,"444","<no-id>"
"1130",266,266,50,50,50,"485","<no-id>"
"1131",267,267,51,51,51,"504","<no-id>"
"1132",268,268,52,52,52,"541","<no-id>"
"1133",269,269,53,53,53,"463","<no-id>"
"1134",270,270,54,54,54,"Attention_PR-AttendedTalkerEar.csv","Attention_PR-AttendedTalkerGender.csv"
"1135",271,271,55,55,1,"495","<no-id>"
"1136",272,272,56,56,2,"451","<no-id>"
"1137",273,273,57,57,3,"445","<no-id>"
"1138",274,274,58,58,4,"455","<no-id>"
"1139",275,275,59,59,5,"493","<no-id>"
"1140",276,276,60,60,6,"535","<no-id>"
"1141",277,277,61,61,7,"546","<no-id>"
"1142",278,278,62,62,8,"544","<no-id>"
"1143",279,279,63,63,9,"501","<no-id>"
"1144",280,280,64,64,10,"531","<no-id>"
"1145",281,281,65,65,11,"490","<no-id>"
"1146",282,282,66,66,12,"461","<no-id>"
"1147",283,283,67,67,13,"539","<no-id>"
"1148",284,284,68,68,14,"533","<no-id>"
"1149",285,285,69,69,15,"509","<no-id>"
"1150",286,286,70,70,16,"446","<no-id>"
"1151",287,287,71,71,17,"483","<no-id>"
"1152",288,288,72,72,18,"534","<no-id>"
"1153",289,289,73,73,19,"481","<no-id>"
"1154",290,290,74,74,20,"523","<no-id>"
"1155",291,291,75,75,21,"517","<no-id>"
"1156",292,292,76,76,22,"469","<no-id>"
"1157",293,293,77,77,23,"452","<no-id>"
"1158",294,294,78,78,24,"511","<no-id>"
"1159",295,295,79,79,25,"470","<no-id>"
"1160",296,296,80,80,26,"465","<no-id>"
"1161",297,297,81,81,27,"456","<no-id>"
"1162",298,298,82,82,28,"454","<no-id>"
"1163",299,299,83,83,29,"472","<no-id>"
"1164",300,300,84,84,30,"537","<no-id>"
"1165",301,301,85,85,31,"467","<no-id>"
"1166",302,302,86,86,32,"548","<no-id>"
"1167",303,303,87,87,33,"460","<no-id>"
"1168",304,304,88,88,34,"447","<no-id>"
"1169",305,305,89,89,35,"443","<no-id>"
"1170",306,306,90,90,36,"453","<no-id>"
"1171",307,307,91,91,37,"494","<no-id>"
"1172",308,308,92,92,38,"550","<no-id>"
"1173",309,309,93,93,39,"549","<no-id>"
"1174",310,310,94,94,40,"543","<no-id>"
"1175",311,311,95,95,41,"448","<no-id>"
"1176",312,312,96,96,42,"524","<no-id>"
"1177",313,313,97,97,43,"521","<no-id>"
"1178",314,314,98,98,44,"482","<no-id>"
"1179",315,315,99,99,45,"540","<no-id>"
"1180",316,316,100,100,46,"508","<no-id>"
"1181",317,317,101,101,47,"458","<no-id>"
"1182",318,318,102,102,48,"449","<no-id>"
"1183",319,319,103,103,49,"444","<no-id>"
"1184",320,320,104,104,50,"485","<no-id>"
"1185",321,321,105,105,51,"504","<no-id>"
"1186",322,322,106,106,52,"541","<no-id>"
"1187",323,323,107,107,53,"463","<no-id>"
"1188",324,324,108,108,54,"Attention_PR-AttendedTalkerEar.csv","Attention_PR-AttendedTalkerGender.csv"
"1189",325,325,109,1,1,"495","<no-id>"
"1190",326,326,110,2,2,"451","<no-id>"
"1191",327,327,111,3,3,"445","<no-id>"
"1192",328,328,112,4,4,"455","<no-id>"
"1193",329,329,113,5,5,"493","<no-id>"
"1194",330,330,114,6,6,"535","<no-id>"
"1195",331,331,115,7,7,"546","<no-id>"
"1196",332,332,116,8,8,"544","<no-id>"
"1197",333,333,117,9,9,"501","<no-id>"
"1198",334,334,118,10,10,"531","<no-id>"
"1199",335,335,119,11,11,"490","<no-id>"
"1200",336,336,120,12,12,"461","<no-id>"
"1201",337,337,121,13,13,"539","<no-id>"
"1202",338,338,122,14,14,"533","<no-id>"
"1203",339,339,123,15,15,"509","<no-id>"
"1204",340,340,124,16,16,"446","<no-id>"
"1205",341,341,125,17,17,"483","<no-id>"
"1206",342,342,126,18,18,"534","<no-id>"
"1207",343,343,127,19,19,"481","<no-id>"
"1208",344,344,128,20,20,"523","<no-id>"
"1209",345,345,129,21,21,"517","<no-id>"
"1210",346,346,130,22,22,"469","<no-id>"
"1211",347,347,131,23,23,"452","<no-id>"
"1212",348,348,132,24,24,"511","<no-id>"
"1213",349,349,133,25,25,"470","<no-id>"
"1214",350,350,134,26,26,"465","<no-id>"
"1215",351,351,135,27,27,"456","<no-id>"
"1216",352,352,136,28,28,"454","<no-id>"
"1217",353,353,137,29,29,"472","<no-id>"
"1218",354,354,138,30,30,"537","<no-id>"
"1219",355,355,139,31,31,"467","<no-id>"
"1220",356,356,140,32,32,"548","<no-id>"
"1221",357,357,141,33,33,"460","<no-id>"
"1222",358,358,142,34,34,"447","<no-id>"
"1223",359,359,143,35,35,"443","<no-id>"
"1224",360,360,144,36,36,"453","<no-id>"
"1225",361,361,145,37,37,"494","<no-id>"
"1226",362,362,146,38,38,"550","<no-id>"
"1227",363,363,147,39,39,"549","<no-id>"
"1228",364,364,148,40,40,"543","<no-id>"
"1229",365,365,149,41,41,"448","<no-id>"
"1230",366,366,150,42,42,"524","<no-id>"
"1231",367,367,151,43,43,"521","<no-id>"
"1232",368,368,152,44,44,"482","<no-id>"
"1233",369,369,153,45,45,"540","<no-id>"
"1234",370,370,154,46,46,"508","<no-id>"
"1235",371,371,155,47,47,"458","<no-id>"
"1236",372,372,156,48,48,"449","<no-id>"
"1237",373,373,157,49,49,"444","<no-id>"
"1238",374,374,158,50,50,"485","<no-id>"
"1239",375,375,159,51,51,"504","<no-id>"
"1240",376,376,160,52,52,"541","<no-id>"
"1241",377,377,161,53,53,"463","<no-id>"
"1242",378,378,162,54,54,"Attention_PR-AttendedTalkerEar.csv","Attention_PR-AttendedTalkerGender.csv"
"1243",379,379,163,55,1,"495","<no-id>"
"1244",380,380,164,56,2,"451","<no-id>"
"1245",381,381,165,57,3,"445","<no-id>"
"1246",382,382,166,58,4,"455","<no-id>"
"1247",383,383,167,59,5,"493","<no-id>"
"1248",384,384,168,60,6,"535","<no-id>"
"1249",385,385,169,61,7,"546","<no-id>"
"1250",386,386,170,62,8,"544","<no-id>"
"1251",387,387,171,63,9,"501","<no-id>"
"1252",388,388,172,64,10,"531","<no-id>"
"1253",389,389,173,65,11,"490","<no-id>"
"1254",390,390,174,66,12,"461","<no-id>"
"1255",391,391,175,67,13,"539","<no-id>"
"1256",392,392,176,68,14,"533","<no-id>"
"1257",393,393,177,69,15,"509","<no-id>"
"1258",394,394,178,70,16,"446","<no-id>"
"1259",395,395,179,71,17,"483","<no-id>"
"1260",396,396,180,72,18,"534","<no-id>"
"1261",397,397,181,73,19,"481","<no-id>"
"1262",398,398,182,74,20,"523","<no-id>"
"1263",399,399,183,75,21,"517","<no-id>"
"1264",400,400,184,76,22,"469","<no-id>"
"1265",401,401,185,77,23,"452","<no-id>"
"1266",402,402,186,78,24,"511","<no-id>"
"1267",403,403,187,79,25,"470","<no-id>"
"1268",404,404,188,80,26,"465","<no-id>"
"1269",405,405,189,81,27,"456","<no-id>"
"1270",406,406,190,82,28,"454","<no-id>"
"1271",407,407,191,83,29,"472","<no-id>"
"1272",408,408,192,84,30,"537","<no-id>"
"1273",409,409,193,85,31,"467","<no-id>"
"1274",410,410,194,86,32,"548","<no-id>"
"1275",411,411,195,87,33,"460","<no-id>"
"1276",412,412,196,88,34,"447","<no-id>"
"1277",413,413,197,89,35,"443","<no-id>"
"1278",414,414,198,90,36,"453","<no-id>"
"1279",415,415,199,91,37,"494","<no-id>"
"1280",416,416,200,92,38,"550","<no-id>"
"1281",417,417,201,93,39,"549","<no-id>"
"1282",418,418,202,94,40,"543","<no-id>"
"1283",419,419,203,95,41,"448","<no-id>"
"1284",420,420,204,96,42,"524","<no-id>"
"1285",421,421,205,97,43,"521","<no-id>"
"1286",422,422,206,98,44,"482","<no-id>"
"1287",423,423,207,99,45,"540","<no-id>"
"1288",424,424,208,100,46,"508","<no-id>"
"1289",425,425,209,101,47,"458","<no-id>"
"1290",426,426,210,102,48,"449","<no-id>"
"1291",427,427,211,103,49,"444","<no-id>"
"1292",428,428,212,104,50,"485","<no-id>"
"1293",429,429,213,105,51,"504","<no-id>"
"1294",430,430,214,106,52,"541","<no-id>"
"1295",431,431,215,107,53,"463","<no-id>"
"1296",432,432,216,108,54,"Attention_PR-AttendedTalkerEar.csv","Attention_PR-AttendedTalkerGender.csv"
"1297",433,1,1,1,1,"495","<no-id>"
"1298",434,2,2,2,2,"451","<no-id>"
"1299",435,3,3,3,3,"445","<no-id>"
"1300",436,4,4,4,4,"455","<no-id>"
"1301",437,5,5,5,5,"493","<no-id>"
"1302",438,6,6,6,6,"535","<no-id>"
"1303",439,7,7,7,7,"546","<no-id>"
"1304",440,8,8,8,8,"544","<no-id>"
"1305",441,9,9,9,9,"501","<no-id>"
"1306",442,10,10,10,10,"531","<no-id>"
"1307",443,11,11,11,11,"490","<no-id>"
"1308",444,12,12,12,12,"461","<no-id>"
"1309",445,13,13,13,13,"539","<no-id>"
"1310",446,14,14,14,14,"533","<no-id>"
"1311",447,15,15,15,15,"509","<no-id>"
"1312",448,16,16,16,16,"446","<no-id>"
"1313",449,17,17,17,17,"483","<no-id>"
"1314",450,18,18,18,18,"534","<no-id>"
"1315",451,19,19,19,19,"481","<no-id>"
"1316",452,20,20,20,20,"523","<no-id>"
"1317",453,21,21,21,21,"517","<no-id>"
"1318",454,22,22,22,22,"469","<no-id>"
"1319",455,23,23,23,23,"452","<no-id>"
"1320",456,24,24,24,24,"511","<no-id>"
"1321",457,25,25,25,25,"470","<no-id>"
"1322",458,26,26,26,26,"465","<no-id>"
"1323",459,27,27,27,27,"456","<no-id>"
"1324",460,28,28,28,28,"454","<no-id>"
"1325",461,29,29,29,29,"472","<no-id>"
"1326",462,30,30,30,30,"537","<no-id>"
"1327",463,31,31,31,31,"467","<no-id>"
"1328",464,32,32,32,32,"548","<no-id>"
"1329",465,33,33,33,33,"460","<no-id>"
"1330",466,34,34,34,34,"447","<no-id>"
"1331",467,35,35,35,35,"443","<no-id>"
"1332",468,36,36,36,36,"453","<no-id>"
"1333",469,37,37,37,37,"494","<no-id>"
"1334",470,38,38,38,38,"550","<no-id>"
"1335",471,39,39,39,39,"549","<no-id>"
"1336",472,40,40,40,40,"543","<no-id>"
"1337",473,41,41,41,41,"448","<no-id>"
"1338",474,42,42,42,42,"524","<no-id>"
"1339",475,43,43,43,43,"521","<no-id>"
"1340",476,44,44,44,44,"482","<no-id>"
"1341",477,45,45,45,45,"540","<no-id>"
"1342",478,46,46,46,46,"508","<no-id>"
"1343",479,47,47,47,47,"458","<no-id>"
"1344",480,48,48,48,48,"449","<no-id>"
"1345",481,49,49,49,49,"444","<no-id>"
"1346",482,50,50,50,50,"485","<no-id>"
"1347",483,51,51,51,51,"504","<no-id>"
"1348",484,52,52,52,52,"541","<no-id>"
"1349",485,53,53,53,53,"463","<no-id>"
"1350",486,54,54,54,54,"Attention_PR-AttendedTalkerEar.csv","Attention_PR-AttendedTalkerGender.csv"
"1351",487,55,55,55,1,"495","<no-id>"
"1352",488,56,56,56,2,"451","<no-id>"
"1353",489,57,57,57,3,"445","<no-id>"
"1354",490,58,58,58,4,"455","<no-id>"
"1355",491,59,59,59,5,"493","<no-id>"
"1356",492,60,60,60,6,"535","<no-id>"
"1357",493,61,61,61,7,"546","<no-id>"
"1358",494,62,62,62,8,"544","<no-id>"
"1359",495,63,63,63,9,"501","<no-id>"
"1360",496,64,64,64,10,"531","<no-id>"
"1361",497,65,65,65,11,"490","<no-id>"
"1362",498,66,66,66,12,"461","<no-id>"
"1363",499,67,67,67,13,"539","<no-id>"
"1364",500,68,68,68,14,"533","<no-id>"
"1365",501,69,69,69,15,"509","<no-id>"
"1366",502,70,70,70,16,"446","<no-id>"
"1367",503,71,71,71,17,"483","<no-id>"
"1368",504,72,72,72,18,"534","<no-id>"
"1369",505,73,73,73,19,"481","<no-id>"
"1370",506,74,74,74,20,"523","<no-id>"
"1371",507,75,75,75,21,"517","<no-id>"
"1372",508,76,76,76,22,"469","<no-id>"
"1373",509,77,77,77,23,"452","<no-id>"
"1374",510,78,78,78,24,"511","<no-id>"
"1375",511,79,79,79,25,"470","<no-id>"
"1376",512,80,80,80,26,"465","<no-id>"
"1377",513,81,81,81,27,"456","<no-id>"
"1378",514,82,82,82,28,"454","<no-id>"
"1379",515,83,83,83,29,"472","<no-id>"
"1380",516,84,84,84,30,"537","<no-id>"
"1381",517,85,85,85,31,"467","<no-id>"
"1382",518,86,86,86,32,"548","<no-id>"
"1383",519,87,87,87,33,"460","<no-id>"
"1384",520,88,88,88,34,"447","<no-id>"
"1385",521,89,89,89,35,"443","<no-id>"
"1386",522,90,90,90,36,"453","<no-id>"
"1387",523,91,91,91,37,"494","<no-id>"
"1388",524,92,92,92,38,"550","<no-id>"
"1389",525,93,93,93,39,"549","<no-id>"
"1390",526,94,94,94,40,"543","<no-id>"
"1391",527,95,95,95,41,"448","<no-id>"
"1392",528,96,96,96,42,"524","<no-id>"
"1393",529,97,97,97,43,"521","<no-id>"
"1394",530,98,98,98,44,"482","<no-id>"
"1395",531,99,99,99,45,"540","<no-id>"
"1396",532,100,100,100,46,"508","<no-id>"
"1397",533,101,101,101,47,"458","<no-id>"
"1398",534,102,102,102,48,"449","<no-id>"
"1399",535,103,103,103,49,"444","<no-id>"
"1400",536,104,104,104,50,"485","<no-id>"
"1401",537,105,105,105,51,"504","<no-id>"
"1402",538,106,106,106,52,"541","<no-id>"
"1403",539,107,107,107,53,"463","<no-id>"
"1404",540,108,108,108,54,"Attention_PR-AttendedTalkerEar.csv","Attention_PR-AttendedTalkerGender.csv"
"1405",541,109,109,1,1,"495","<no-id>"
"1406",542,110,110,2,2,"451","<no-id>"
"1407",543,111,111,3,3,"445","<no-id>"
"1408",544,112,112,4,4,"455","<no-id>"
"1409",545,113,113,5,5,"493","<no-id>"
"1410",546,114,114,6,6,"535","<no-id>"
"1411",547,115,115,7,7,"546","<no-id>"
"1412",548,116,116,8,8,"544","<no-id>"
"1413",549,117,117,9,9,"501","<no-id>"
"1414",550,118,118,10,10,"531","<no-id>"
"1415",551,119,119,11,11,"490","<no-id>"
"1416",552,120,120,12,12,"461","<no-id>"
"1417",553,121,121,13,13,"539","<no-id>"
"1418",554,122,122,14,14,"533","<no-id>"
"1419",555,123,123,15,15,"509","<no-id>"
"1420",556,124,124,16,16,"446","<no-id>"
"1421",557,125,125,17,17,"483","<no-id>"
"1422",558,126,126,18,18,"534","<no-id>"
"1423",559,127,127,19,19,"481","<no-id>"
"1424",560,128,128,20,20,"523","<no-id>"
"1425",561,129,129,21,21,"517","<no-id>"
"1426",562,130,130,22,22,"469","<no-id>"
"1427",563,131,131,23,23,"452","<no-id>"
"1428",564,132,132,24,24,"511","<no-id>"
"1429",565,133,133,25,25,"470","<no-id>"
"1430",566,134,134,26,26,"465","<no-id>"
"1431",567,135,135,27,27,"456","<no-id>"
"1432",568,136,136,28,28,"454","<no-id>"
"1433",569,137,137,29,29,"472","<no-id>"
"1434",570,138,138,30,30,"537","<no-id>"
"1435",571,139,139,31,31,"467","<no-id>"
"1436",572,140,140,32,32,"548","<no-id>"
"1437",573,141,141,33,33,"460","<no-id>"
"1438",574,142,142,34,34,"447","<no-id>"
"1439",575,143,143,35,35,"443","<no-id>"
"1440",576,144,144,36,36,"453","<no-id>"
"1441",577,145,145,37,37,"494","<no-id>"
"1442",578,146,146,38,38,"550","<no-id>"
"1443",579,147,147,39,39,"549","<no-id>"
"1444",580,148,148,40,40,"543","<no-id>"
"1445",581,149,149,41,41,"448","<no-id>"
"1446",582,150,150,42,42,"524","<no-id>"
"1447",583,151,151,43,43,"521","<no-id>"
"1448",584,152,152,44,44,"482","<no-id>"
"1449",585,153,153,45,45,"540","<no-id>"
"1450",586,154,154,46,46,"508","<no-id>"
"1451",587,155,155,47,47,"458","<no-id>"
"1452",588,156,156,48,48,"449","<no-id>"
"1453",589,157,157,49,49,"444","<no-id>"
"1454",590,158,158,50,50,"485","<no-id>"
"1455",591,159,159,51,51,"504","<no-id>"
"1456",592,160,160,52,52,"541","<no-id>"
"1457",593,161,161,53,53,"463","<no-id>"
"1458",594,162,162,54,54,"Attention_PR-AttendedTalkerEar.csv","Attention_PR-AttendedTalkerGender.csv"
"1459",595,163,163,55,1,"495","<no-id>"
"1460",596,164,164,56,2,"451","<no-id>"
"1461",597,165,165,57,3,"445","<no-id>"
"1462",598,166,166,58,4,"455","<no-id>"
"1463",599,167,167,59,5,"493","<no-id>"
"1464",600,168,168,60,6,"535","<no-id>"
"1465",601,169,169,61,7,"546","<no-id>"
"1466",602,170,170,62,8,"544","<no-id>"
"1467",603,171,171,63,9,"501","<no-id>"
"1468",604,172,172,64,10,"531","<no-id>"
"1469",605,173,173,65,11,"490","<no-id>"
"1470",606,174,174,66,12,"461","<no-id>"
"1471",607,175,175,67,13,"539","<no-id>"
"1472",608,176,176,68,14,"533","<no-id>"
"1473",609,177,177,69,15,"509","<no-id>"
"1474",610,178,178,70,16,"446","<no-id>"
"1475",611,179,179,71,17,"483","<no-id>"
"1476",612,180,180,72,18,"534","<no-id>"
"1477",613,181,181,73,19,"481","<no-id>"
"1478",614,182,182,74,20,"523","<no-id>"
"1479",615,183,183,75,21,"517","<no-id>"
"1480",616,184,184,76,22,"469","<no-id>"
"1481",617,185,185,77,23,"452","<no-id>"
"1482",618,186,186,78,24,"511","<no-id>"
"1483",619,187,187,79,25,"470","<no-id>"
"1484",620,188,188,80,26,"465","<no-id>"
"1485",621,189,189,81,27,"456","<no-id>"
"1486",622,190,190,82,28,"454","<no-id>"
"1487",623,191,191,83,29,"472","<no-id>"
"1488",624,192,192,84,30,"537","<no-id>"
"1489",625,193,193,85,31,"467","<no-id>"
"1490",626,194,194,86,32,"548","<no-id>"
"1491",627,195,195,87,33,"460","<no-id>"
"1492",628,196,196,88,34,"447","<no-id>"
"1493",629,197,197,89,35,"443","<no-id>"
"1494",630,198,198,90,36,"453","<no-id>"
"1495",631,199,199,91,37,"494","<no-id>"
"1496",632,200,200,92,38,"550","<no-id>"
"1497",633,201,201,93,39,"549","<no-id>"
"1498",634,202,202,94,40,"543","<no-id>"
"1499",635,203,203,95,41,"448","<no-id>"
"1500",636,204,204,96,42,"524","<no-id>"
"1501",637,205,205,97,43,"521","<no-id>"
"1502",638,206,206,98,44,"482","<no-id>"
"1503",639,207,207,99,45,"540","<no-id>"
"1504",640,208,208,100,46,"508","<no-id>"
"1505",641,209,209,101,47,"458","<no-id>"
"1506",642,210,210,102,48,"449","<no-id>"
"1507",643,211,211,103,49,"444","<no-id>"
"1508",644,212,212,104,50,"485","<no-id>"
"1509",645,213,213,105,51,"504","<no-id>"
"1510",646,214,214,106,52,"541","<no-id>"
"1511",647,215,215,107,53,"463","<no-id>"
"1512",648,216,216,108,54,"Attention_PR-AttendedTalkerEar.csv","Attention_PR-AttendedTalkerGender.csv"
"1513",649,217,1,1,1,"495","<no-id>"
"1514",650,218,2,2,2,"451","<no-id>"
"1515",651,219,3,3,3,"445","<no-id>"
"1516",652,220,4,4,4,"455","<no-id>"
"1517",653,221,5,5,5,"493","<no-id>"
"1518",654,222,6,6,6,"535","<no-id>"
"1519",655,223,7,7,7,"546","<no-id>"
"1520",656,224,8,8,8,"544","<no-id>"
"1521",657,225,9,9,9,"501","<no-id>"
"1522",658,226,10,10,10,"531","<no-id>"
"1523",659,227,11,11,11,"490","<no-id>"
"1524",660,228,12,12,12,"461","<no-id>"
"1525",661,229,13,13,13,"539","<no-id>"
"1526",662,230,14,14,14,"533","<no-id>"
"1527",663,231,15,15,15,"509","<no-id>"
"1528",664,232,16,16,16,"446","<no-id>"
"1529",665,233,17,17,17,"483","<no-id>"
"1530",666,234,18,18,18,"534","<no-id>"
"1531",667,235,19,19,19,"481","<no-id>"
"1532",668,236,20,20,20,"523","<no-id>"
"1533",669,237,21,21,21,"517","<no-id>"
"1534",670,238,22,22,22,"469","<no-id>"
"1535",671,239,23,23,23,"452","<no-id>"
"1536",672,240,24,24,24,"511","<no-id>"
"1537",673,241,25,25,25,"470","<no-id>"
"1538",674,242,26,26,26,"465","<no-id>"
"1539",675,243,27,27,27,"456","<no-id>"
"1540",676,244,28,28,28,"454","<no-id>"
"1541",677,245,29,29,29,"472","<no-id>"
"1542",678,246,30,30,30,"537","<no-id>"
"1543",679,247,31,31,31,"467","<no-id>"
"1544",680,248,32,32,32,"548","<no-id>"
"1545",681,249,33,33,33,"460","<no-id>"
"1546",682,250,34,34,34,"447","<no-id>"
"1547",683,251,35,35,35,"443","<no-id>"
"1548",684,252,36,36,36,"453","<no-id>"
"1549",685,253,37,37,37,"494","<no-id>"
"1550",686,254,38,38,38,"550","<no-id>"
"1551",687,255,39,39,39,"549","<no-id>"
"1552",688,256,40,40,40,"543","<no-id>"
"1553",689,257,41,41,41,"448","<no-id>"
"1554",690,258,42,42,42,"524","<no-id>"
"1555",691,259,43,43,43,"521","<no-id>"
"1556",692,260,44,44,44,"482","<no-id>"
"1557",693,261,45,45,45,"540","<no-id>"
"1558",694,262,46,46,46,"508","<no-id>"
"1559",695,263,47,47,47,"458","<no-id>"
"1560",696,264,48,48,48,"449","<no-id>"
"1561",697,265,49,49,49,"444","<no-id>"
"1562",698,266,50,50,50,"485","<no-id>"
"1563",699,267,51,51,51,"504","<no-id>"
"1564",700,268,52,52,52,"541","<no-id>"
"1565",701,269,53,53,53,"463","<no-id>"
"1566",702,270,54,54,54,"Attention_PR-AttendedTalkerEar.csv","Attention_PR-AttendedTalkerGender.csv"
"1567",703,271,55,55,1,"495","<no-id>"
"1568",704,272,56,56,2,"451","<no-id>"
"1569",705,273,57,57,3,"445","<no-id>"
"1570",706,274,58,58,4,"455","<no-id>"
"1571",707,275,59,59,5,"493","<no-id>"
"1572",708,276,60,60,6,"535","<no-id>"
"1573",709,277,61,61,7,"546","<no-id>"
"1574",710,278,62,62,8,"544","<no-id>"
"1575",711,279,63,63,9,"501","<no-id>"
"1576",712,280,64,64,10,"531","<no-id>"
"1577",713,281,65,65,11,"490","<no-id>"
"1578",714,282,66,66,12,"461","<no-id>"
"1579",715,283,67,67,13,"539","<no-id>"
"1580",716,284,68,68,14,"533","<no-id>"
"1581",717,285,69,69,15,"509","<no-id>"
"1582",718,286,70,70,16,"446","<no-id>"
"1583",719,287,71,71,17,"483","<no-id>"
"1584",720,288,72,72,18,"534","<no-id>"
"1585",721,289,73,73,19,"481","<no-id>"
"1586",722,290,74,74,20,"523","<no-id>"
"1587",723,291,75,75,21,"517","<no-id>"
"1588",724,292,76,76,22,"469","<no-id>"
"1589",725,293,77,77,23,"452","<no-id>"
"1590",726,294,78,78,24,"511","<no-id>"
"1591",727,295,79,79,25,"470","<no-id>"
"1592",728,296,80,80,26,"465","<no-id>"
"1593",729,297,81,81,27,"456","<no-id>"
"1594",730,298,82,82,28,"454","<no-id>"
"1595",731,299,83,83,29,"472","<no-id>"
"1596",732,300,84,84,30,"537","<no-id>"
"1597",733,301,85,85,31,"467","<no-id>"
"1598",734,302,86,86,32,"548","<no-id>"
"1599",735,303,87,87,33,"460","<no-id>"
"1600",736,304,88,88,34,"447","<no-id>"
"1601",737,305,89,89,35,"443","<no-id>"
"1602",738,306,90,90,36,"453","<no-id>"
"1603",739,307,91,91,37,"494","<no-id>"
"1604",740,308,92,92,38,"550","<no-id>"
"1605",741,309,93,93,39,"549","<no-id>"
"1606",742,310,94,94,40,"543","<no-id>"
"1607",743,311,95,95,41,"448","<no-id>"
"1608",744,312,96,96,42,"524","<no-id>"
"1609",745,313,97,97,43,"521","<no-id>"
"1610",746,314,98,98,44,"482","<no-id>"
"1611",747,315,99,99,45,"540","<no-id>"
"1612",748,316,100,100,46,"508","<no-id>"
"1613",749,317,101,101,47,"458","<no-id>"
"1614",750,318,102,102,48,"449","<no-id>"
"1615",751,319,103,103,49,"444","<no-id>"
"1616",752,320,104,104,50,"485","<no-id>"
"1617",753,321,105,105,51,"504","<no-id>"
"1618",754,322,106,106,52,"541","<no-id>"
"1619",755,323,107,107,53,"463","<no-id>"
"1620",756,324,108,108,54,"Attention_PR-AttendedTalkerEar.csv","Attention_PR-AttendedTalkerGender.csv"
"1621",757,325,109,1,1,"495","<no-id>"
"1622",758,326,110,2,2,"451","<no-id>"
"1623",759,327,111,3,3,"445","<no-id>"
"1624",760,328,112,4,4,"455","<no-id>"
"1625",761,329,113,5,5,"493","<no-id>"
"1626",762,330,114,6,6,"535","<no-id>"
"1627",763,331,115,7,7,"546","<no-id>"
"1628",764,332,116,8,8,"544","<no-id>"
"1629",765,333,117,9,9,"501","<no-id>"
"1630",766,334,118,10,10,"531","<no-id>"
"1631",767,335,119,11,11,"490","<no-id>"
"1632",768,336,120,12,12,"461","<no-id>"
"1633",769,337,121,13,13,"539","<no-id>"
"1634",770,338,122,14,14,"533","<no-id>"
"1635",771,339,123,15,15,"509","<no-id>"
"1636",772,340,124,16,16,"446","<no-id>"
"1637",773,341,125,17,17,"483","<no-id>"
"1638",774,342,126,18,18,"534","<no-id>"
"1639",775,343,127,19,19,"481","<no-id>"
"1640",776,344,128,20,20,"523","<no-id>"
"1641",777,345,129,21,21,"517","<no-id>"
"1642",778,346,130,22,22,"469","<no-id>"
"1643",779,347,131,23,23,"452","<no-id>"
"1644",780,348,132,24,24,"511","<no-id>"
"1645",781,349,133,25,25,"470","<no-id>"
"1646",782,350,134,26,26,"465","<no-id>"
"1647",783,351,135,27,27,"456","<no-id>"
"1648",784,352,136,28,28,"454","<no-id>"
"1649",785,353,137,29,29,"472","<no-id>"
"1650",786,354,138,30,30,"537","<no-id>"
"1651",787,355,139,31,31,"467","<no-id>"
"1652",788,356,140,32,32,"548","<no-id>"
"1653",789,357,141,33,33,"460","<no-id>"
"1654",790,358,142,34,34,"447","<no-id>"
"1655",791,359,143,35,35,"443","<no-id>"
"1656",792,360,144,36,36,"453","<no-id>"
"1657",793,361,145,37,37,"494","<no-id>"
"1658",794,362,146,38,38,"550","<no-id>"
"1659",795,363,147,39,39,"549","<no-id>"
"1660",796,364,148,40,40,"543","<no-id>"
"1661",797,365,149,41,41,"448","<no-id>"
"1662",798,366,150,42,42,"524","<no-id>"
"1663",799,367,151,43,43,"521","<no-id>"
"1664",800,368,152,44,44,"482","<no-id>"
"1665",801,369,153,45,45,"540","<no-id>"
"1666",802,370,154,46,46,"508","<no-id>"
"1667",803,371,155,47,47,"458","<no-id>"
"1668",804,372,156,48,48,"449","<no-id>"
"1669",805,373,157,49,49,"444","<no-id>"
"1670",806,374,158,50,50,"485","<no-id>"
"1671",807,375,159,51,51,"504","<no-id>"
"1672",808,376,160,52,52,"541","<no-id>"
"1673",809,377,161,53,53,"463","<no-id>"
"1674",810,378,162,54,54,"Attention_PR-AttendedTalkerEar.csv","Attention_PR-AttendedTalkerGender.csv"
"1675",811,379,163,55,1,"495","<no-id>"
"1676",812,380,164,56,2,"451","<no-id>"
"1677",813,381,165,57,3,"445","<no-id>"
"1678",814,382,166,58,4,"455","<no-id>"
"1679",815,383,167,59,5,"493","<no-id>"
"1680",816,384,168,60,6,"535","<no-id>"
"1681",817,385,169,61,7,"546","<no-id>"
"1682",818,386,170,62,8,"544","<no-id>"
"1683",819,387,171,63,9,"501","<no-id>"
"1684",820,388,172,64,10,"531","<no-id>"
"1685",821,389,173,65,11,"490","<no-id>"
"1686",822,390,174,66,12,"461","<no-id>"
"1687",823,391,175,67,13,"539","<no-id>"
"1688",824,392,176,68,14,"533","<no-id>"
"1689",825,393,177,69,15,"509","<no-id>"
"1690",826,394,178,70,16,"446","<no-id>"
"1691",827,395,179,71,17,"483","<no-id>"
"1692",828,396,180,72,18,"534","<no-id>"
"1693",829,397,181,73,19,"481","<no-id>"
"1694",830,398,182,74,20,"523","<no-id>"
"1695",831,399,183,75,21,"517","<no-id>"
"1696",832,400,184,76,22,"469","<no-id>"
"1697",833,401,185,77,23,"452","<no-id>"
"1698",834,402,186,78,24,"511","<no-id>"
"1699",835,403,187,79,25,"470","<no-id>"
"1700",836,404,188,80,26,"465","<no-id>"
"1701",837,405,189,81,27,"456","<no-id>"
"1702",838,406,190,82,28,"454","<no-id>"
"1703",839,407,191,83,29,"472","<no-id>"
"1704",840,408,192,84,30,"537","<no-id>"
"1705",841,409,193,85,31,"467","<no-id>"
"1706",842,410,194,86,32,"548","<no-id>"
"1707",843,411,195,87,33,"460","<no-id>"
"1708",844,412,196,88,34,"447","<no-id>"
"1709",845,413,197,89,35,"443","<no-id>"
"1710",846,414,198,90,36,"453","<no-id>"
"1711",847,415,199,91,37,"494","<no-id>"
"1712",848,416,200,92,38,"550","<no-id>"
"1713",849,417,201,93,39,"549","<no-id>"
"1714",850,418,202,94,40,"543","<no-id>"
"1715",851,419,203,95,41,"448","<no-id>"
"1716",852,420,204,96,42,"524","<no-id>"
"1717",853,421,205,97,43,"521","<no-id>"
"1718",854,422,206,98,44,"482","<no-id>"
"1719",855,423,207,99,45,"540","<no-id>"
"1720",856,424,208,100,46,"508","<no-id>"
"1721",857,425,209,101,47,"458","<no-id>"
"1722",858,426,210,102,48,"449","<no-id>"
"1723",859,427,211,103,49,"444","<no-id>"
"1724",860,428,212,104,50,"485","<no-id>"
"1725",861,429,213,105,51,"504","<no-id>"
"1726",862,430,214,106,52,"541","<no-id>"
"1727",863,431,215,107,53,"463","<no-id>"
"1728",864,432,216,108,54,"Attention_PR-AttendedTalkerEar.csv","Attention_PR-AttendedTalkerGender.csv"
